Workbook

Sheet Sheet1
A1: Time | B1: R1 | C1: R2 | D1: R3 | E1: R4 | F1: R5 | G1: R6 | H1: R7 | I1: R8 | J1: R9 | K1: R10 | L1: R11 | M1: R12 | N1: R13 | O1: R14 | P1: R15 | Q1: R16 | R1: R17 | S1: R18 | T1: R19 | U1: R20 | V1: R21 | W1: R22 | X1: R23 | Y1: R24 | Z1: R25 | AA1: R26 | AB1: R27 | AC1: R28 | AD1: R29 | AE1: R30 | AF1: R31 | AG1: R32 | AH1: R33 | AI1: R34 | AJ1: R35 | AK1: R36 | AL1: R37 | AM1: R38 | AN1: R39 | AO1: R40 | AP1: R41 | AQ1: R42 | AR1: R43 | AS1: R44 | AT1: R45 | AU1: R46 | AV1: R47 | AW1: R48 | AX1: R49 | AY1: R50 | AZ1: R51 | BA1: R52 | BB1: R53 | BC1: R54 | BD1: R55 | BE1: R56 | BF1: R57 | BG1: R58
A2: 0 | B2: 0 | C2: 0 | D2: 0 | E2: 0 | F2: 0 | G2: 0 | H2: 0 | I2: 0 | J2: 0 | K2: 0 | L2: 0 | M2: 0 | N2: 0 | O2: 0 | P2: 0 | Q2: 0 | R2: 0 | S2: 0 | T2: 0 | U2: 0 | V2: 0 | W2: 0 | X2: 0 | Y2: 0 | Z2: 0 | AA2: 0 | AB2: 0 | AC2: 0 | AD2: 0 | AE2: 0 | AF2: 0 | AG2: 0 | AH2: 0 | AI2: 0 | AJ2: 0 | AK2: 0 | AL2: 0 | AM2: 0 | AN2: 0 | AO2: 0 | AP2: 0 | AQ2: 0 | AR2: 0 | AS2: 0 | AT2: 0 | AU2: 0 | AV2: 0 | AW2: 0 | AX2: 0 | AY2: 0 | AZ2: 0 | BA2: 0 | BB2: 0 | BC2: 0 | BD2: 0 | BE2: 0 | BF2: 0 | BG2: 0
A3: 5 | B3: 0 | C3: 0 | D3: 0 | E3: 0 | F3: 0 | G3: 0 | H3: 0 | I3: 0 | J3: 0 | K3: 0 | L3: 0 | M3: 0 | N3: 0 | O3: 0 | P3: 0 | Q3: 0 | R3: 0 | S3: 0 | T3: 0 | U3: 0 | V3: 0 | W3: 0 | X3: 0 | Y3: 0 | Z3: 0 | AA3: 0 | AB3: 0 | AC3: 0 | AD3: 0 | AE3: 0 | AF3: 0 | AG3: 0 | AH3: 0 | AI3: 0 | AJ3: 0 | AK3: 0 | AL3: 0 | AM3: 0 | AN3: 0 | AO3: 0 | AP3: 0 | AQ3: 0 | AR3: 0 | AS3: 0 | AT3: 0 | AU3: 0 | AV3: 0 | AW3: 0 | AX3: 0 | AY3: 0 | AZ3: 0 | BA3: 0 | BB3: 0 | BC3: 0 | BD3: 0 | BE3: 0 | BF3: 0 | BG3: 0
A4: 10 | B4: 0 | C4: 0 | D4: 0 | E4: 0 | F4: 0 | G4: 0 | H4: 0 | I4: 0 | J4: 0 | K4: 0 | L4: 0 | M4: 0 | N4: 0 | O4: 0 | P4: 0 | Q4: 0 | R4: 0 | S4: 0 | T4: 0 | U4: 0 | V4: 0 | W4: 0 | X4: 0 | Y4: 0 | Z4: 0 | AA4: 0 | AB4: 0 | AC4: 0 | AD4: 0 | AE4: 0 | AF4: 0 | AG4: 0 | AH4: 0 | AI4: 0 | AJ4: 0 | AK4: 0 | AL4: 0 | AM4: 0 | AN4: 0 | AO4: 0 | AP4: 0 | AQ4: 0 | AR4: 0 | AS4: 0 | AT4: 0 | AU4: 0 | AV4: 0 | AW4: 0 | AX4: 0 | AY4: 0 | AZ4: 0 | BA4: 0 | BB4: 0 | BC4: 0 | BD4: 0 | BE4: 0 | BF4: 0 | BG4: 0
A5: 15 | B5: 0 | C5: 0 | D5: 0 | E5: 0 | F5: 0 | G5: 0 | H5: 0 | I5: 0 | J5: 0 | K5: 0 | L5: 0 | M5: 0 | N5: 0 | O5: 0 | P5: 0 | Q5: 0 | R5: 0 | S5: 0 | T5: 0 | U5: 0 | V5: 0 | W5: 0 | X5: 0 | Y5: 0 | Z5: 0 | AA5: 0 | AB5: 0 | AC5: 0 | AD5: 0 | AE5: 0 | AF5: 0 | AG5: 0 | AH5: 0 | AI5: 0 | AJ5: 0 | AK5: 0 | AL5: 0 | AM5: 0 | AN5: 0 | AO5: 0 | AP5: 0 | AQ5: 0 | AR5: 0 | AS5: 0 | AT5: 0 | AU5: 0 | AV5: 0 | AW5: 0 | AX5: 0 | AY5: 0 | AZ5: 0 | BA5: 0 | BB5: 0 | BC5: 0 | BD5: 0 | BE5: 0 | BF5: 0 | BG5: 0
A6: 20 | B6: 0 | C6: 0 | D6: 0 | E6: 0 | F6: 0 | G6: 0 | H6: 0 | I6: 0 | J6: 0 | K6: 0 | L6: 0 | M6: 0 | N6: 0 | O6: 0 | P6: 0 | Q6: 0 | R6: 0 | S6: 0 | T6: 0 | U6: 0 | V6: 0 | W6: 0 | X6: 0 | Y6: 0 | Z6: 0 | AA6: 0 | AB6: 0 | AC6: 0 | AD6: 0 | AE6: 0 | AF6: 0 | AG6: 0 | AH6: 0 | AI6: 0 | AJ6: 0 | AK6: 0 | AL6: 0 | AM6: 0 | AN6: 0 | AO6: 0 | AP6: 0 | AQ6: 0 | AR6: 0 | AS6: 0 | AT6: 0 | AU6: 0 | AV6: 0 | AW6: 0 | AX6: 0 | AY6: 0 | AZ6: 0 | BA6: 0 | BB6: 0 | BC6: 0 | BD6: 0 | BE6: 0 | BF6: 0 | BG6: 0
A7: 25 | B7: 0 | C7: 0 | D7: 0 | E7: 0 | F7: 0 | G7: 0 | H7: 0 | I7: 0 | J7: 0 | K7: 0 | L7: 0 | M7: 0 | N7: 0 | O7: 0 | P7: 0 | Q7: 0 | R7: 0 | S7: 0 | T7: 0 | U7: 0 | V7: 0 | W7: 0 | X7: 0 | Y7: 0 | Z7: 0 | AA7: 0 | AB7: 0 | AC7: 0 | AD7: 0 | AE7: 0 | AF7: 0 | AG7: 0 | AH7: 0 | AI7: 0 | AJ7: 0 | AK7: 0 | AL7: 0 | AM7: 0 | AN7: 0 | AO7: 0 | AP7: 0 | AQ7: 0 | AR7: 0 | AS7: 0 | AT7: 0 | AU7: 0 | AV7: 0 | AW7: 0 | AX7: 0 | AY7: 0 | AZ7: 0 | BA7: 0 | BB7: 0 | BC7: 0 | BD7: 0 | BE7: 0 | BF7: 0 | BG7: 0
A8: 30 | B8: 0 | C8: 0 | D8: 0 | E8: 0 | F8: 0 | G8: 0 | H8: 0 | I8: 0 | J8: 0 | K8: 0 | L8: 0 | M8: 0 | N8: 0 | O8: 0 | P8: 0 | Q8: 0 | R8: 0 | S8: 0 | T8: 0 | U8: 0 | V8: 0 | W8: 0 | X8: 0 | Y8: 0 | Z8: 0 | AA8: 0 | AB8: 0 | AC8: 0 | AD8: 0 | AE8: 0 | AF8: 0 | AG8: 0 | AH8: 0 | AI8: 0 | AJ8: 0 | AK8: 0 | AL8: 0 | AM8: 0 | AN8: 0 | AO8: 0 | AP8: 0 | AQ8: 0 | AR8: 0 | AS8: 0 | AT8: 0 | AU8: 0 | AV8: 0 | AW8: 0 | AX8: 0 | AY8: 0 | AZ8: 0 | BA8: 0 | BB8: 0 | BC8: 0 | BD8: 0 | BE8: 0 | BF8: 0 | BG8: 0
A9: 35 | B9: 0 | C9: 0 | D9: 0 | E9: 0 | F9: 0 | G9: 0 | H9: 0 | I9: 0 | J9: 0 | K9: 0 | L9: 0 | M9: 0 | N9: 0 | O9: 0 | P9: 0 | Q9: 0 | R9: 0 | S9: 0 | T9: 0 | U9: 0 | V9: 0 | W9: 0 | X9: 0 | Y9: 0 | Z9: 0 | AA9: 0 | AB9: 0 | AC9: 0 | AD9: 0 | AE9: 0 | AF9: 0 | AG9: 0 | AH9: 0 | AI9: 0 | AJ9: 0 | AK9: 0 | AL9: 0 | AM9: 0 | AN9: 0 | AO9: 0 | AP9: 0 | AQ9: 0 | AR9: 0 | AS9: 0 | AT9: 0 | AU9: 0 | AV9: 0 | AW9: 0 | AX9: 0 | AY9: 0 | AZ9: 0 | BA9: 0 | BB9: 0 | BC9: 0 | BD9: 0 | BE9: 0 | BF9: 0 | BG9: 0
A10: 40 | B10: 0 | C10: 0 | D10: 0 | E10: 0 | F10: 0 | G10: 0 | H10: 0 | I10: 0 | J10: 0 | K10: 0 | L10: 0 | M10: 0 | N10: 0 | O10: 0 | P10: 0 | Q10: 0 | R10: 0 | S10: 0 | T10: 0 | U10: 0 | V10: 0 | W10: 0 | X10: 0 | Y10: 0 | Z10: 0 | AA10: 0 | AB10: 0 | AC10: 0 | AD10: 0 | AE10: 0 | AF10: 0 | AG10: 0 | AH10: 0 | AI10: 0 | AJ10: 0 | AK10: 0 | AL10: 0 | AM10: 0 | AN10: 0 | AO10: 0 | AP10: 0 | AQ10: 0 | AR10: 0 | AS10: 0 | AT10: 0 | AU10: 0 | AV10: 0 | AW10: 0 | AX10: 0 | AY10: 0 | AZ10: 0 | BA10: 0 | BB10: 0 | BC10: 0 | BD10: 0 | BE10: 0 | BF10: 0 | BG10: 0
A11: 45 | B11: 0 | C11: 0 | D11: 0 | E11: 0 | F11: 0 | G11: 0 | H11: 0 | I11: 0 | J11: 0 | K11: 0 | L11: 0 | M11: 0 | N11: 0 | O11: 0 | P11: 0 | Q11: 0 | R11: 0 | S11: 0 | T11: 0 | U11: 0 | V11: 0 | W11: 0 | X11: 0 | Y11: 0 | Z11: 0 | AA11: 0 | AB11: 0 | AC11: 0 | AD11: 0 | AE11: 0 | AF11: 0 | AG11: 0 | AH11: 0 | AI11: 0 | AJ11: 0 | AK11: 0 | AL11: 0 | AM11: 0 | AN11: 0 | AO11: 0 | AP11: 0 | AQ11: 0 | AR11: 0 | AS11: 0 | AT11: 0 | AU11: 0 | AV11: 0 | AW11: 0 | AX11: 0 | AY11: 0 | AZ11: 0 | BA11: 0 | BB11: 0 | BC11: 0 | BD11: 0 | BE11: 0 | BF11: 0 | BG11: 0
A12: 50 | B12: 0 | C12: 0 | D12: 0 | E12: 0 | F12: 0 | G12: 0 | H12: 0 | I12: 0 | J12: 0 | K12: 0 | L12: 0 | M12: 0 | N12: 0 | O12: 0 | P12: 0 | Q12: 0 | R12: 0 | S12: 0 | T12: 0 | U12: 0 | V12: 0 | W12: 0 | X12: 0 | Y12: 0 | Z12: 0 | AA12: 0 | AB12: 0 | AC12: 0 | AD12: 0 | AE12: 0 | AF12: 0 | AG12: 0 | AH12: 0 | AI12: 0 | AJ12: 0 | AK12: 0 | AL12: 0 | AM12: 0 | AN12: 0 | AO12: 0 | AP12: 0 | AQ12: 0 | AR12: 0 | AS12: 0 | AT12: 0 | AU12: 0 | AV12: 0 | AW12: 0 | AX12: 0 | AY12: 0 | AZ12: 0 | BA12: 0 | BB12: 0 | BC12: 0 | BD12: 0 | BE12: 0 | BF12: 0 | BG12: 0
A13: 55 | B13: 0 | C13: 0 | D13: 0 | E13: 0 | F13: 0 | G13: 0 | H13: 0 | I13: 0 | J13: 0 | K13: 0 | L13: 0 | M13: 0 | N13: 0 | O13: 0 | P13: 0 | Q13: 0 | R13: 0 | S13: 0 | T13: 0 | U13: 0 | V13: 0 | W13: 0 | X13: 0 | Y13: 0 | Z13: 0 | AA13: 0 | AB13: 0 | AC13: 0 | AD13: 0 | AE13: 0 | AF13: 0 | AG13: 0 | AH13: 0 | AI13: 0 | AJ13: 0 | AK13: 0 | AL13: 0 | AM13: 0 | AN13: 0 | AO13: 0 | AP13: 0 | AQ13: 0 | AR13: 0 | AS13: 0 | AT13: 0 | AU13: 0 | AV13: 0 | AW13: 0 | AX13: 0 | AY13: 0 | AZ13: 0 | BA13: 0 | BB13: 0 | BC13: 0 | BD13: 0 | BE13: 0 | BF13: 0 | BG13: 0
... A182: 900 | B182: 3 | C182: 3 | D182: 3 | E182: 3 | F182: 3 | G182: 3 | H182: 3 | I182: 3 | J182: 3 | K182: 3 | L182: 3 | M182: 3 | N182: 3 | O182: 3 | P182: 3 | Q182: 3 | R182: 3 | S182: 3 | T182: 3 | U182: 3 | V182: 3 | W182: 3 | X182: 3 | Y182: 3 | Z182: 3 | AA182: 3 | AB182: 3 | AC182: 3 | AD182: 3 | AE182: 3 | AF182: 3 | AG182: 3 | AH182: 3 | AI182: 3 | AJ182: 3 | AK182: 3 | AL182: 3 | AM182: 3 | AN182: 3 | AO182: 3 | AP182: 3 | AQ182: 3 | AR182: 3 | AS182: 3 | AT182: 3 | AU182: 3 | AV182: 3 | AW182: 3 | AX182: 3 | AY182: 3 | AZ182: 3 | BA182: 3 | BB182: 3 | BC182: 3 | BD182: 3 | BE182: 3 | BF182: 3 | BG182: 3

Sheet Sheet4
A1: Time | B1: R1 | C1: R2 | D1: R3 | E1: R4 | F1: R5 | G1: R6 | H1: R7 | I1: R8 | J1: R9 | K1: R10 | L1: R11 | M1: R12 | N1: R13 | O1: R14 | P1: R15 | Q1: R16 | R1: R17 | S1: R18 | T1: R19 | U1: R20 | V1: R21 | W1: R22 | X1: R23 | Y1: R24 | Z1: R25 | AA1: R26 | AB1: R27 | AC1: R28 | AD1: R29 | AE1: R30 | AF1: R31 | AG1: R32 | AH1: R33 | AI1: R34 | AJ1: R35 | AK1: R36 | AL1: R37 | AM1: R38 | AN1: R39 | AO1: R40 | AP1: R41 | AQ1: R42 | AR1: R43 | AS1: R44 | AT1: R45 | AU1: R46 | AV1: R47 | AW1: R48 | AX1: R49 | AY1: R50 | AZ1: R51 | BA1: R52 | BB1: R53 | BC1: R54 | BD1: R55 | BE1: R56 | BF1: R57 | BG1: R58
A2: 0 | B2: =IF(FED!B2=0, 0, IF(FED!B2<0.3, 1, IF(FED!B2<1, 2, 3))) -> 0 | C2: =IF(FED!C2=0, 0, IF(FED!C2<0.3, 1, IF(FED!C2<1, 2, 3))) -> 0 | D2: =IF(FED!D2=0, 0, IF(FED!D2<0.3, 1, IF(FED!D2<1, 2, 3))) -> 0 | E2: =IF(FED!E2=0, 0, IF(FED!E2<0.3, 1, IF(FED!E2<1, 2, 3))) -> 0 | F2: =IF(FED!F2=0, 0, IF(FED!F2<0.3, 1, IF(FED!F2<1, 2, 3))) -> 0 | G2: =IF(FED!G2=0, 0, IF(FED!G2<0.3, 1, IF(FED!G2<1, 2, 3))) -> 0 | H2: =IF(FED!H2=0, 0, IF(FED!H2<0.3, 1, IF(FED!H2<1, 2, 3))) -> 0 | I2: =IF(FED!I2=0, 0, IF(FED!I2<0.3, 1, IF(FED!I2<1, 2, 3))) -> 0 | ... BG2: =IF(FED!BG2=0, 0, IF(FED!BG2<0.3, 1, IF(FED!BG2<1, 2, 3))) -> 0
A3: 5 | B3: =IF(FED!B3=0, 0, IF(FED!B3<0.3, 1, IF(FED!B3<1, 2, 3))) -> 0 | C3: =IF(FED!C3=0, 0, IF(FED!C3<0.3, 1, IF(FED!C3<1, 2, 3))) -> 0 | D3: =IF(FED!D3=0, 0, IF(FED!D3<0.3, 1, IF(FED!D3<1, 2, 3))) -> 0 | E3: =IF(FED!E3=0, 0, IF(FED!E3<0.3, 1, IF(FED!E3<1, 2, 3))) -> 0 | F3: =IF(FED!F3=0, 0, IF(FED!F3<0.3, 1, IF(FED!F3<1, 2, 3))) -> 0 | G3: =IF(FED!G3=0, 0, IF(FED!G3<0.3, 1, IF(FED!G3<1, 2, 3))) -> 0 | H3: =IF(FED!H3=0, 0, IF(FED!H3<0.3, 1, IF(FED!H3<1, 2, 3))) -> 0 | I3: =IF(FED!I3=0, 0, IF(FED!I3<0.3, 1, IF(FED!I3<1, 2, 3))) -> 0 | ... BG3: =IF(FED!BG3=0, 0, IF(FED!BG3<0.3, 1, IF(FED!BG3<1, 2, 3))) -> 0
A4: 10 | B4: =IF(FED!B4=0, 0, IF(FED!B4<0.3, 1, IF(FED!B4<1, 2, 3))) -> 0 | C4: =IF(FED!C4=0, 0, IF(FED!C4<0.3, 1, IF(FED!C4<1, 2, 3))) -> 0 | D4: =IF(FED!D4=0, 0, IF(FED!D4<0.3, 1, IF(FED!D4<1, 2, 3))) -> 0 | E4: =IF(FED!E4=0, 0, IF(FED!E4<0.3, 1, IF(FED!E4<1, 2, 3))) -> 0 | F4: =IF(FED!F4=0, 0, IF(FED!F4<0.3, 1, IF(FED!F4<1, 2, 3))) -> 0 | G4: =IF(FED!G4=0, 0, IF(FED!G4<0.3, 1, IF(FED!G4<1, 2, 3))) -> 0 | H4: =IF(FED!H4=0, 0, IF(FED!H4<0.3, 1, IF(FED!H4<1, 2, 3))) -> 0 | I4: =IF(FED!I4=0, 0, IF(FED!I4<0.3, 1, IF(FED!I4<1, 2, 3))) -> 0 | ... BG4: =IF(FED!BG4=0, 0, IF(FED!BG4<0.3, 1, IF(FED!BG4<1, 2, 3))) -> 0
A5: 15 | B5: =IF(FED!B5=0, 0, IF(FED!B5<0.3, 1, IF(FED!B5<1, 2, 3))) -> 0 | C5: =IF(FED!C5=0, 0, IF(FED!C5<0.3, 1, IF(FED!C5<1, 2, 3))) -> 0 | D5: =IF(FED!D5=0, 0, IF(FED!D5<0.3, 1, IF(FED!D5<1, 2, 3))) -> 0 | E5: =IF(FED!E5=0, 0, IF(FED!E5<0.3, 1, IF(FED!E5<1, 2, 3))) -> 0 | F5: =IF(FED!F5=0, 0, IF(FED!F5<0.3, 1, IF(FED!F5<1, 2, 3))) -> 0 | G5: =IF(FED!G5=0, 0, IF(FED!G5<0.3, 1, IF(FED!G5<1, 2, 3))) -> 0 | H5: =IF(FED!H5=0, 0, IF(FED!H5<0.3, 1, IF(FED!H5<1, 2, 3))) -> 0 | I5: =IF(FED!I5=0, 0, IF(FED!I5<0.3, 1, IF(FED!I5<1, 2, 3))) -> 0 | ... BG5: =IF(FED!BG5=0, 0, IF(FED!BG5<0.3, 1, IF(FED!BG5<1, 2, 3))) -> 0
A6: 20 | B6: =IF(FED!B6=0, 0, IF(FED!B6<0.3, 1, IF(FED!B6<1, 2, 3))) -> 0 | C6: =IF(FED!C6=0, 0, IF(FED!C6<0.3, 1, IF(FED!C6<1, 2, 3))) -> 0 | D6: =IF(FED!D6=0, 0, IF(FED!D6<0.3, 1, IF(FED!D6<1, 2, 3))) -> 0 | E6: =IF(FED!E6=0, 0, IF(FED!E6<0.3, 1, IF(FED!E6<1, 2, 3))) -> 0 | F6: =IF(FED!F6=0, 0, IF(FED!F6<0.3, 1, IF(FED!F6<1, 2, 3))) -> 0 | G6: =IF(FED!G6=0, 0, IF(FED!G6<0.3, 1, IF(FED!G6<1, 2, 3))) -> 0 | H6: =IF(FED!H6=0, 0, IF(FED!H6<0.3, 1, IF(FED!H6<1, 2, 3))) -> 0 | I6: =IF(FED!I6=0, 0, IF(FED!I6<0.3, 1, IF(FED!I6<1, 2, 3))) -> 0 | ... BG6: =IF(FED!BG6=0, 0, IF(FED!BG6<0.3, 1, IF(FED!BG6<1, 2, 3))) -> 0
A7: 25 | B7: =IF(FED!B7=0, 0, IF(FED!B7<0.3, 1, IF(FED!B7<1, 2, 3))) -> 0 | C7: =IF(FED!C7=0, 0, IF(FED!C7<0.3, 1, IF(FED!C7<1, 2, 3))) -> 0 | D7: =IF(FED!D7=0, 0, IF(FED!D7<0.3, 1, IF(FED!D7<1, 2, 3))) -> 0 | E7: =IF(FED!E7=0, 0, IF(FED!E7<0.3, 1, IF(FED!E7<1, 2, 3))) -> 0 | F7: =IF(FED!F7=0, 0, IF(FED!F7<0.3, 1, IF(FED!F7<1, 2, 3))) -> 0 | G7: =IF(FED!G7=0, 0, IF(FED!G7<0.3, 1, IF(FED!G7<1, 2, 3))) -> 0 | H7: =IF(FED!H7=0, 0, IF(FED!H7<0.3, 1, IF(FED!H7<1, 2, 3))) -> 0 | I7: =IF(FED!I7=0, 0, IF(FED!I7<0.3, 1, IF(FED!I7<1, 2, 3))) -> 0 | ... BG7: =IF(FED!BG7=0, 0, IF(FED!BG7<0.3, 1, IF(FED!BG7<1, 2, 3))) -> 0
A8: 30 | B8: =IF(FED!B8=0, 0, IF(FED!B8<0.3, 1, IF(FED!B8<1, 2, 3))) -> 0 | C8: =IF(FED!C8=0, 0, IF(FED!C8<0.3, 1, IF(FED!C8<1, 2, 3))) -> 0 | D8: =IF(FED!D8=0, 0, IF(FED!D8<0.3, 1, IF(FED!D8<1, 2, 3))) -> 0 | E8: =IF(FED!E8=0, 0, IF(FED!E8<0.3, 1, IF(FED!E8<1, 2, 3))) -> 0 | F8: =IF(FED!F8=0, 0, IF(FED!F8<0.3, 1, IF(FED!F8<1, 2, 3))) -> 0 | G8: =IF(FED!G8=0, 0, IF(FED!G8<0.3, 1, IF(FED!G8<1, 2, 3))) -> 0 | H8: =IF(FED!H8=0, 0, IF(FED!H8<0.3, 1, IF(FED!H8<1, 2, 3))) -> 0 | I8: =IF(FED!I8=0, 0, IF(FED!I8<0.3, 1, IF(FED!I8<1, 2, 3))) -> 0 | ... BG8: =IF(FED!BG8=0, 0, IF(FED!BG8<0.3, 1, IF(FED!BG8<1, 2, 3))) -> 0
A9: 35 | B9: =IF(FED!B9=0, 0, IF(FED!B9<0.3, 1, IF(FED!B9<1, 2, 3))) -> 0 | C9: =IF(FED!C9=0, 0, IF(FED!C9<0.3, 1, IF(FED!C9<1, 2, 3))) -> 0 | D9: =IF(FED!D9=0, 0, IF(FED!D9<0.3, 1, IF(FED!D9<1, 2, 3))) -> 0 | E9: =IF(FED!E9=0, 0, IF(FED!E9<0.3, 1, IF(FED!E9<1, 2, 3))) -> 0 | F9: =IF(FED!F9=0, 0, IF(FED!F9<0.3, 1, IF(FED!F9<1, 2, 3))) -> 0 | G9: =IF(FED!G9=0, 0, IF(FED!G9<0.3, 1, IF(FED!G9<1, 2, 3))) -> 0 | H9: =IF(FED!H9=0, 0, IF(FED!H9<0.3, 1, IF(FED!H9<1, 2, 3))) -> 0 | I9: =IF(FED!I9=0, 0, IF(FED!I9<0.3, 1, IF(FED!I9<1, 2, 3))) -> 0 | ... BG9: =IF(FED!BG9=0, 0, IF(FED!BG9<0.3, 1, IF(FED!BG9<1, 2, 3))) -> 0
A10: 40 | B10: =IF(FED!B10=0, 0, IF(FED!B10<0.3, 1, IF(FED!B10<1, 2, 3))) -> 0 | C10: =IF(FED!C10=0, 0, IF(FED!C10<0.3, 1, IF(FED!C10<1, 2, 3))) -> 0 | D10: =IF(FED!D10=0, 0, IF(FED!D10<0.3, 1, IF(FED!D10<1, 2, 3))) -> 0 | E10: =IF(FED!E10=0, 0, IF(FED!E10<0.3, 1, IF(FED!E10<1, 2, 3))) -> 0 | F10: =IF(FED!F10=0, 0, IF(FED!F10<0.3, 1, IF(FED!F10<1, 2, 3))) -> 0 | G10: =IF(FED!G10=0, 0, IF(FED!G10<0.3, 1, IF(FED!G10<1, 2, 3))) -> 0 | H10: =IF(FED!H10=0, 0, IF(FED!H10<0.3, 1, IF(FED!H10<1, 2, 3))) -> 0 | I10: =IF(FED!I10=0, 0, IF(FED!I10<0.3, 1, IF(FED!I10<1, 2, 3))) -> 0 | ... BG10: =IF(FED!BG10=0, 0, IF(FED!BG10<0.3, 1, IF(FED!BG10<1, 2, 3))) -> 0
A11: 45 | B11: =IF(FED!B11=0, 0, IF(FED!B11<0.3, 1, IF(FED!B11<1, 2, 3))) -> 0 | C11: =IF(FED!C11=0, 0, IF(FED!C11<0.3, 1, IF(FED!C11<1, 2, 3))) -> 0 | D11: =IF(FED!D11=0, 0, IF(FED!D11<0.3, 1, IF(FED!D11<1, 2, 3))) -> 0 | E11: =IF(FED!E11=0, 0, IF(FED!E11<0.3, 1, IF(FED!E11<1, 2, 3))) -> 0 | F11: =IF(FED!F11=0, 0, IF(FED!F11<0.3, 1, IF(FED!F11<1, 2, 3))) -> 0 | G11: =IF(FED!G11=0, 0, IF(FED!G11<0.3, 1, IF(FED!G11<1, 2, 3))) -> 0 | H11: =IF(FED!H11=0, 0, IF(FED!H11<0.3, 1, IF(FED!H11<1, 2, 3))) -> 0 | I11: =IF(FED!I11=0, 0, IF(FED!I11<0.3, 1, IF(FED!I11<1, 2, 3))) -> 0 | ... BG11: =IF(FED!BG11=0, 0, IF(FED!BG11<0.3, 1, IF(FED!BG11<1, 2, 3))) -> 0
A12: 50 | B12: =IF(FED!B12=0, 0, IF(FED!B12<0.3, 1, IF(FED!B12<1, 2, 3))) -> 0 | C12: =IF(FED!C12=0, 0, IF(FED!C12<0.3, 1, IF(FED!C12<1, 2, 3))) -> 0 | D12: =IF(FED!D12=0, 0, IF(FED!D12<0.3, 1, IF(FED!D12<1, 2, 3))) -> 0 | E12: =IF(FED!E12=0, 0, IF(FED!E12<0.3, 1, IF(FED!E12<1, 2, 3))) -> 0 | F12: =IF(FED!F12=0, 0, IF(FED!F12<0.3, 1, IF(FED!F12<1, 2, 3))) -> 0 | G12: =IF(FED!G12=0, 0, IF(FED!G12<0.3, 1, IF(FED!G12<1, 2, 3))) -> 0 | H12: =IF(FED!H12=0, 0, IF(FED!H12<0.3, 1, IF(FED!H12<1, 2, 3))) -> 0 | I12: =IF(FED!I12=0, 0, IF(FED!I12<0.3, 1, IF(FED!I12<1, 2, 3))) -> 0 | ... BG12: =IF(FED!BG12=0, 0, IF(FED!BG12<0.3, 1, IF(FED!BG12<1, 2, 3))) -> 0
A13: 55 | B13: =IF(FED!B13=0, 0, IF(FED!B13<0.3, 1, IF(FED!B13<1, 2, 3))) -> 0 | C13: =IF(FED!C13=0, 0, IF(FED!C13<0.3, 1, IF(FED!C13<1, 2, 3))) -> 0 | D13: =IF(FED!D13=0, 0, IF(FED!D13<0.3, 1, IF(FED!D13<1, 2, 3))) -> 0 | E13: =IF(FED!E13=0, 0, IF(FED!E13<0.3, 1, IF(FED!E13<1, 2, 3))) -> 0 | F13: =IF(FED!F13=0, 0, IF(FED!F13<0.3, 1, IF(FED!F13<1, 2, 3))) -> 0 | G13: =IF(FED!G13=0, 0, IF(FED!G13<0.3, 1, IF(FED!G13<1, 2, 3))) -> 0 | H13: =IF(FED!H13=0, 0, IF(FED!H13<0.3, 1, IF(FED!H13<1, 2, 3))) -> 0 | I13: =IF(FED!I13=0, 0, IF(FED!I13<0.3, 1, IF(FED!I13<1, 2, 3))) -> 0 | ... BG13: =IF(FED!BG13=0, 0, IF(FED!BG13<0.3, 1, IF(FED!BG13<1, 2, 3))) -> 0
... A182: 900 | B182: =IF(FED!B182=0, 0, IF(FED!B182<0.3, 1, IF(FED!B182<1, 2, 3))) -> 3 | C182: =IF(FED!C182=0, 0, IF(FED!C182<0.3, 1, IF(FED!C182<1, 2, 3))) -> 3 | D182: =IF(FED!D182=0, 0, IF(FED!D182<0.3, 1, IF(FED!D182<1, 2, 3))) -> 3 | E182: =IF(FED!E182=0, 0, IF(FED!E182<0.3, 1, IF(FED!E182<1, 2, 3))) -> 3 | F182: =IF(FED!F182=0, 0, IF(FED!F182<0.3, 1, IF(FED!F182<1, 2, 3))) -> 3 | G182: =IF(FED!G182=0, 0, IF(FED!G182<0.3, 1, IF(FED!G182<1, 2, 3))) -> 3 | H182: =IF(FED!H182=0, 0, IF(FED!H182<0.3, 1, IF(FED!H182<1, 2, 3))) -> 3 | I182: =IF(FED!I182=0, 0, IF(FED!I182<0.3, 1, IF(FED!I182<1, 2, 3))) -> 3 | ... BG182: =IF(FED!BG182=0, 0, IF(FED!BG182<0.3, 1, IF(FED!BG182<1, 2, 3))) -> 3

Sheet FED
A1: Time | B1: R1 | C1: R2 | D1: R3 | E1: R4 | F1: R5 | G1: R6 | H1: R7 | I1: R8 | J1: R9 | K1: R10 | L1: R11 | M1: R12 | N1: R13 | O1: R14 | P1: R15 | Q1: R16 | R1: R17 | S1: R18 | T1: R19 | U1: R20 | V1: R21 | W1: R22 | X1: R23 | Y1: R24 | Z1: R25 | AA1: R26 | AB1: R27 | AC1: R28 | AD1: R29 | AE1: R30 | AF1: R31 | AG1: R32 | AH1: R33 | AI1: R34 | AJ1: R35 | AK1: R36 | AL1: R37 | AM1: R38 | AN1: R39 | AO1: R40 | AP1: R41 | AQ1: R42 | AR1: R43 | AS1: R44 | AT1: R45 | AU1: R46 | AV1: R47 | AW1: R48 | AX1: R49 | AY1: R50 | AZ1: R51 | BA1: R52 | BB1: R53 | BC1: R54 | BD1: R55 | BE1: R56 | BF1: R57 | BG1: R58
A2: 0 | B2: 0 | C2: 0 | D2: 0 | E2: 0 | F2: 0 | G2: 0 | H2: 0 | I2: 0 | J2: 0 | K2: 0 | L2: 0 | M2: 0 | N2: 0 | O2: 0 | P2: 0 | Q2: 0 | R2: 0 | S2: 0 | T2: 0 | U2: 0 | V2: 0 | W2: 0 | X2: 0 | Y2: 0 | Z2: 0 | AA2: 0 | AB2: 0 | AC2: 0 | AD2: 0 | AE2: 0 | AF2: 0 | AG2: 0 | AH2: 0 | AI2: 0 | AJ2: 0 | AK2: 0 | AL2: 0 | AM2: 0 | AN2: 0 | AO2: 0 | AP2: 0 | AQ2: 0 | AR2: 0 | AS2: 0 | AT2: 0 | AU2: 0 | AV2: 0 | AW2: 0 | AX2: 0 | AY2: 0 | AZ2: 0 | BA2: 0 | BB2: 0 | BC2: 0 | BD2: 0 | BE2: 0 | BF2: 0 | BG2: 0
A3: 5 | B3: 0 | C3: 0 | D3: 0 | E3: 0 | F3: 0 | G3: 0 | H3: 0 | I3: 0 | J3: 0 | K3: 0 | L3: 0 | M3: 0 | N3: 0 | O3: 0 | P3: 0 | Q3: 0 | R3: 0 | S3: 0 | T3: 0 | U3: 0 | V3: 0 | W3: 0 | X3: 0 | Y3: 0 | Z3: 0 | AA3: 0 | AB3: 0 | AC3: 0 | AD3: 0 | AE3: 0 | AF3: 0 | AG3: 0 | AH3: 0 | AI3: 0 | AJ3: 0 | AK3: 0 | AL3: 0 | AM3: 0 | AN3: 0 | AO3: 0 | AP3: 0 | AQ3: 0 | AR3: 0 | AS3: 0 | AT3: 0 | AU3: 0 | AV3: 0 | AW3: 0 | AX3: 0 | AY3: 0 | AZ3: 0 | BA3: 0 | BB3: 0 | BC3: 0 | BD3: 0 | BE3: 0 | BF3: 0 | BG3: 0
A4: 10 | B4: 0 | C4: 0 | D4: 0 | E4: 0 | F4: 0 | G4: 0 | H4: 0 | I4: 0 | J4: 0 | K4: 0 | L4: 0 | M4: 0 | N4: 0 | O4: 0 | P4: 0 | Q4: 0 | R4: 0 | S4: 0 | T4: 0 | U4: 0 | V4: 0 | W4: 0 | X4: 0 | Y4: 0 | Z4: 0 | AA4: 0 | AB4: 0 | AC4: 0 | AD4: 0 | AE4: 0 | AF4: 0 | AG4: 0 | AH4: 0 | AI4: 0 | AJ4: 0 | AK4: 0 | AL4: 0 | AM4: 0 | AN4: 0 | AO4: 0 | AP4: 0 | AQ4: 0 | AR4: 0 | AS4: 0 | AT4: 0 | AU4: 0 | AV4: 0 | AW4: 0 | AX4: 0 | AY4: 0 | AZ4: 0 | BA4: 0 | BB4: 0 | BC4: 0 | BD4: 0 | BE4: 0 | BF4: 0 | BG4: 0
A5: 15 | B5: 0 | C5: 0 | D5: 0 | E5: 0 | F5: 0 | G5: 0 | H5: 0 | I5: 0 | J5: 0 | K5: 0 | L5: 0 | M5: 0 | N5: 0 | O5: 0 | P5: 0 | Q5: 0 | R5: 0 | S5: 0 | T5: 0 | U5: 0 | V5: 0 | W5: 0 | X5: 0 | Y5: 0 | Z5: 0 | AA5: 0 | AB5: 0 | AC5: 0 | AD5: 0 | AE5: 0 | AF5: 0 | AG5: 0 | AH5: 0 | AI5: 0 | AJ5: 0 | AK5: 0 | AL5: 0 | AM5: 0 | AN5: 0 | AO5: 0 | AP5: 0 | AQ5: 0 | AR5: 0 | AS5: 0 | AT5: 0 | AU5: 0 | AV5: 0 | AW5: 0 | AX5: 0 | AY5: 0 | AZ5: 0 | BA5: 0 | BB5: 0 | BC5: 0 | BD5: 0 | BE5: 0 | BF5: 0 | BG5: 0
A6: 20 | B6: 0 | C6: 0 | D6: 0 | E6: 0 | F6: 0 | G6: 0 | H6: 0 | I6: 0 | J6: 0 | K6: 0 | L6: 0 | M6: 0 | N6: 0 | O6: 0 | P6: 0 | Q6: 0 | R6: 0 | S6: 0 | T6: 0 | U6: 0 | V6: 0 | W6: 0 | X6: 0 | Y6: 0 | Z6: 0 | AA6: 0 | AB6: 0 | AC6: 0 | AD6: 0 | AE6: 0 | AF6: 0 | AG6: 0 | AH6: 0 | AI6: 0 | AJ6: 0 | AK6: 0 | AL6: 0 | AM6: 0 | AN6: 0 | AO6: 0 | AP6: 0 | AQ6: 0 | AR6: 0 | AS6: 0 | AT6: 0 | AU6: 0 | AV6: 0 | AW6: 0 | AX6: 0 | AY6: 0 | AZ6: 0 | BA6: 0 | BB6: 0 | BC6: 0 | BD6: 0 | BE6: 0 | BF6: 0 | BG6: 0
A7: 25 | B7: 0 | C7: 0 | D7: 0 | E7: 0 | F7: 0 | G7: 0 | H7: 0 | I7: 0 | J7: 0 | K7: 0 | L7: 0 | M7: 0 | N7: 0 | O7: 0 | P7: 0 | Q7: 0 | R7: 0 | S7: 0 | T7: 0 | U7: 0 | V7: 0 | W7: 0 | X7: 0 | Y7: 0 | Z7: 0 | AA7: 0 | AB7: 0 | AC7: 0 | AD7: 0 | AE7: 0 | AF7: 0 | AG7: 0 | AH7: 0 | AI7: 0 | AJ7: 0 | AK7: 0 | AL7: 0 | AM7: 0 | AN7: 0 | AO7: 0 | AP7: 0 | AQ7: 0 | AR7: 0 | AS7: 0 | AT7: 0 | AU7: 0 | AV7: 0 | AW7: 0 | AX7: 0 | AY7: 0 | AZ7: 0 | BA7: 0 | BB7: 0 | BC7: 0 | BD7: 0 | BE7: 0 | BF7: 0 | BG7: 0
A8: 30 | B8: 0 | C8: 0 | D8: 0 | E8: 0 | F8: 0 | G8: 0 | H8: 0 | I8: 0 | J8: 0 | K8: 0 | L8: 0 | M8: 0 | N8: 0 | O8: 0 | P8: 0 | Q8: 0 | R8: 0 | S8: 0 | T8: 0 | U8: 0 | V8: 0 | W8: 0 | X8: 0 | Y8: 0 | Z8: 0 | AA8: 0 | AB8: 0 | AC8: 0 | AD8: 0 | AE8: 0 | AF8: 0 | AG8: 0 | AH8: 0 | AI8: 0 | AJ8: 0 | AK8: 0 | AL8: 0 | AM8: 0 | AN8: 0 | AO8: 0 | AP8: 0 | AQ8: 0 | AR8: 0 | AS8: 0 | AT8: 0 | AU8: 0 | AV8: 0 | AW8: 0 | AX8: 0 | AY8: 0 | AZ8: 0 | BA8: 0 | BB8: 0 | BC8: 0 | BD8: 0 | BE8: 0 | BF8: 0 | BG8: 0
A9: 35 | B9: 0 | C9: 0 | D9: 0 | E9: 0 | F9: 0 | G9: 0 | H9: 0 | I9: 0 | J9: 0 | K9: 0 | L9: 0 | M9: 0 | N9: 0 | O9: 0 | P9: 0 | Q9: 0 | R9: 0 | S9: 0 | T9: 0 | U9: 0 | V9: 0 | W9: 0 | X9: 0 | Y9: 0 | Z9: 0 | AA9: 0 | AB9: 0 | AC9: 0 | AD9: 0 | AE9: 0 | AF9: 0 | AG9: 0 | AH9: 0 | AI9: 0 | AJ9: 0 | AK9: 0 | AL9: 0 | AM9: 0 | AN9: 0 | AO9: 0 | AP9: 0 | AQ9: 0 | AR9: 0 | AS9: 0 | AT9: 0 | AU9: 0 | AV9: 0 | AW9: 0 | AX9: 0 | AY9: 0 | AZ9: 0 | BA9: 0 | BB9: 0 | BC9: 0 | BD9: 0 | BE9: 0 | BF9: 0 | BG9: 0
A10: 40 | B10: 0 | C10: 0 | D10: 0 | E10: 0 | F10: 0 | G10: 0 | H10: 0 | I10: 0 | J10: 0 | K10: 0 | L10: 0 | M10: 0 | N10: 0 | O10: 0 | P10: 0 | Q10: 0 | R10: 0 | S10: 0 | T10: 0 | U10: 0 | V10: 0 | W10: 0 | X10: 0 | Y10: 0 | Z10: 0 | AA10: 0 | AB10: 0 | AC10: 0 | AD10: 0 | AE10: 0 | AF10: 0 | AG10: 0 | AH10: 0 | AI10: 0 | AJ10: 0 | AK10: 0 | AL10: 0 | AM10: 0 | AN10: 0 | AO10: 0 | AP10: 0 | AQ10: 0 | AR10: 0 | AS10: 0 | AT10: 0 | AU10: 0 | AV10: 0 | AW10: 0 | AX10: 0 | AY10: 0 | AZ10: 0 | BA10: 0 | BB10: 0 | BC10: 0 | BD10: 0 | BE10: 0 | BF10: 0 | BG10: 0
A11: 45 | B11: 0 | C11: 0 | D11: 0 | E11: 0 | F11: 0 | G11: 0 | H11: 0 | I11: 0 | J11: 0 | K11: 0 | L11: 0 | M11: 0 | N11: 0 | O11: 0 | P11: 0 | Q11: 0 | R11: 0 | S11: 0 | T11: 0 | U11: 0 | V11: 0 | W11: 0 | X11: 0 | Y11: 0 | Z11: 0 | AA11: 0 | AB11: 0 | AC11: 0 | AD11: 0 | AE11: 0 | AF11: 0 | AG11: 0 | AH11: 0 | AI11: 0 | AJ11: 0 | AK11: 0 | AL11: 0 | AM11: 0 | AN11: 0 | AO11: 0 | AP11: 0 | AQ11: 0 | AR11: 0 | AS11: 0 | AT11: 0 | AU11: 0 | AV11: 0 | AW11: 0 | AX11: 0 | AY11: 0 | AZ11: 0 | BA11: 0 | BB11: 0 | BC11: 0 | BD11: 0 | BE11: 0 | BF11: 0 | BG11: 0
A12: 50 | B12: 0 | C12: 0 | D12: 0 | E12: 0 | F12: 0 | G12: 0 | H12: 0 | I12: 0 | J12: 0 | K12: 0 | L12: 0 | M12: 0 | N12: 0 | O12: 0 | P12: 0 | Q12: 0 | R12: 0 | S12: 0 | T12: 0 | U12: 0 | V12: 0 | W12: 0 | X12: 0 | Y12: 0 | Z12: 0 | AA12: 0 | AB12: 0 | AC12: 0 | AD12: 0 | AE12: 0 | AF12: 0 | AG12: 0 | AH12: 0 | AI12: 0 | AJ12: 0 | AK12: 0 | AL12: 0 | AM12: 0 | AN12: 0 | AO12: 0 | AP12: 0 | AQ12: 0 | AR12: 0 | AS12: 0 | AT12: 0 | AU12: 0 | AV12: 0 | AW12: 0 | AX12: 0 | AY12: 0 | AZ12: 0 | BA12: 0 | BB12: 0 | BC12: 0 | BD12: 0 | BE12: 0 | BF12: 0 | BG12: 0
A13: 55 | B13: 0 | C13: 0 | D13: 0 | E13: 0 | F13: 0 | G13: 0 | H13: 0 | I13: 0 | J13: 0 | K13: 0 | L13: 0 | M13: 0 | N13: 0 | O13: 0 | P13: 0 | Q13: 0 | R13: 0 | S13: 0 | T13: 0 | U13: 0 | V13: 0 | W13: 0 | X13: 0 | Y13: 0 | Z13: 0 | AA13: 0 | AB13: 0 | AC13: 0 | AD13: 0 | AE13: 0 | AF13: 0 | AG13: 0 | AH13: 0 | AI13: 0 | AJ13: 0 | AK13: 0 | AL13: 0 | AM13: 0 | AN13: 0 | AO13: 0 | AP13: 0 | AQ13: 0 | AR13: 0 | AS13: 0 | AT13: 0 | AU13: 0 | AV13: 0 | AW13: 0 | AX13: 0 | AY13: 0 | AZ13: 0 | BA13: 0 | BB13: 0 | BC13: 0 | BD13: 0 | BE13: 0 | BF13: 0 | BG13: 0
... A182: 900 | B182: 13.401043 | C182: 13.324317 | D182: 13.749011 | E182: 13.968577 | F182: 14.171738 | G182: 14.342725 | H182: 11.206864 | I182: 10.823425 | J182: 9.9418356 | K182: 9.5764311 | L182: 9.2378268 | M182: 9.155773 | N182: 8.9884967 | O182: 8.7951639 | P182: 8.6761128 | Q182: 8.6371601 | R182: 8.5911575 | S182: 8.6844833 | T182: 8.6317469 | U182: 8.5007246 | V182: 8.3419354 | W182: 14.063697 | X182: 12.293999 | Y182: 11.492 | Z182: 11.016515 | AA182: 10.613791 | AB182: 9.1797954 | AC182: 7.9242245 | AD182: 7.8539266 | AE182: 7.9584361 | AF182: 7.977422 | AG182: 8.0519547 | AH182: 7.8130521 | AI182: 7.463819 | AJ182: 7.2679821 | AK182: 7.104157 | AL182: 19.03972 | AM182: 19.761645 | AN182: 18.932132 | AO182: 18.292289 | AP182: 17.068091 | AQ182: 66.184139 | AR182: 12.029113 | AS182: 7.4563671 | AT182: 6.9357171 | AU182: 7.1018187 | AV182: 7.267318 | AW182: 7.4403828 | AX182: 7.6861127 | AY182: 8.002645 | AZ182: 20.026956 | BA182: 21.007324 | BB182: 20.967798 | BC182: 21.244818 | BD182: 20.501932 | BE182: 6.9894983 | BF182: 7.0572006 | BG182: 6.8918186

Sheet FED instaneous
A1: Time | B1: R1 | C1: R2 | D1: R3 | E1: R4 | F1: R5 | G1: R6 | H1: R7 | I1: R8 | J1: R9 | K1: R10 | L1: R11 | M1: R12 | N1: R13 | O1: R14 | P1: R15 | Q1: R16 | R1: R17 | S1: R18 | T1: R19 | U1: R20 | V1: R21 | W1: R22 | X1: R23 | Y1: R24 | Z1: R25 | AA1: R26 | AB1: R27 | AC1: R28 | AD1: R29 | AE1: R30 | AF1: R31 | AG1: R32 | AH1: R33 | AI1: R34 | AJ1: R35 | AK1: R36 | AL1: R37 | AM1: R38 | AN1: R39 | AO1: R40 | AP1: R41 | AQ1: R42 | AR1: R43 | AS1: R44 | AT1: R45 | AU1: R46 | AV1: R47 | AW1: R48 | AX1: R49 | AY1: R50 | AZ1: R51 | BA1: R52 | BB1: R53 | BC1: R54 | BD1: R55 | BE1: R56 | BF1: R57 | BG1: R58
A2: 5 | B2: =(FED!B3-FED!B2)/5 -> 0 | C2: =(FED!C3-FED!C2)/5 -> 0 | D2: =(FED!D3-FED!D2)/5 -> 0 | E2: =(FED!E3-FED!E2)/5 -> 0 | F2: =(FED!F3-FED!F2)/5 -> 0 | G2: =(FED!G3-FED!G2)/5 -> 0 | H2: =(FED!H3-FED!H2)/5 -> 0 | I2: =(FED!I3-FED!I2)/5 -> 0 | ... BG2: =(FED!BG3-FED!BG2)/5 -> 0
A3: 10 | B3: =(FED!B4-FED!B3)/5 -> 0 | C3: =(FED!C4-FED!C3)/5 -> 0 | D3: =(FED!D4-FED!D3)/5 -> 0 | E3: =(FED!E4-FED!E3)/5 -> 0 | F3: =(FED!F4-FED!F3)/5 -> 0 | G3: =(FED!G4-FED!G3)/5 -> 0 | H3: =(FED!H4-FED!H3)/5 -> 0 | I3: =(FED!I4-FED!I3)/5 -> 0 | ... BG3: =(FED!BG4-FED!BG3)/5 -> 0
A4: 15 | B4: =(FED!B5-FED!B4)/5 -> 0 | C4: =(FED!C5-FED!C4)/5 -> 0 | D4: =(FED!D5-FED!D4)/5 -> 0 | E4: =(FED!E5-FED!E4)/5 -> 0 | F4: =(FED!F5-FED!F4)/5 -> 0 | G4: =(FED!G5-FED!G4)/5 -> 0 | H4: =(FED!H5-FED!H4)/5 -> 0 | I4: =(FED!I5-FED!I4)/5 -> 0 | ... BG4: =(FED!BG5-FED!BG4)/5 -> 0
A5: 20 | B5: =(FED!B6-FED!B5)/5 -> 0 | C5: =(FED!C6-FED!C5)/5 -> 0 | D5: =(FED!D6-FED!D5)/5 -> 0 | E5: =(FED!E6-FED!E5)/5 -> 0 | F5: =(FED!F6-FED!F5)/5 -> 0 | G5: =(FED!G6-FED!G5)/5 -> 0 | H5: =(FED!H6-FED!H5)/5 -> 0 | I5: =(FED!I6-FED!I5)/5 -> 0 | ... BG5: =(FED!BG6-FED!BG5)/5 -> 0
A6: 25 | B6: =(FED!B7-FED!B6)/5 -> 0 | C6: =(FED!C7-FED!C6)/5 -> 0 | D6: =(FED!D7-FED!D6)/5 -> 0 | E6: =(FED!E7-FED!E6)/5 -> 0 | F6: =(FED!F7-FED!F6)/5 -> 0 | G6: =(FED!G7-FED!G6)/5 -> 0 | H6: =(FED!H7-FED!H6)/5 -> 0 | I6: =(FED!I7-FED!I6)/5 -> 0 | ... BG6: =(FED!BG7-FED!BG6)/5 -> 0
A7: 30 | B7: =(FED!B8-FED!B7)/5 -> 0 | C7: =(FED!C8-FED!C7)/5 -> 0 | D7: =(FED!D8-FED!D7)/5 -> 0 | E7: =(FED!E8-FED!E7)/5 -> 0 | F7: =(FED!F8-FED!F7)/5 -> 0 | G7: =(FED!G8-FED!G7)/5 -> 0 | H7: =(FED!H8-FED!H7)/5 -> 0 | I7: =(FED!I8-FED!I7)/5 -> 0 | ... BG7: =(FED!BG8-FED!BG7)/5 -> 0
A8: 35 | B8: =(FED!B9-FED!B8)/5 -> 0 | C8: =(FED!C9-FED!C8)/5 -> 0 | D8: =(FED!D9-FED!D8)/5 -> 0 | E8: =(FED!E9-FED!E8)/5 -> 0 | F8: =(FED!F9-FED!F8)/5 -> 0 | G8: =(FED!G9-FED!G8)/5 -> 0 | H8: =(FED!H9-FED!H8)/5 -> 0 | I8: =(FED!I9-FED!I8)/5 -> 0 | ... BG8: =(FED!BG9-FED!BG8)/5 -> 0
A9: 40 | B9: =(FED!B10-FED!B9)/5 -> 0 | C9: =(FED!C10-FED!C9)/5 -> 0 | D9: =(FED!D10-FED!D9)/5 -> 0 | E9: =(FED!E10-FED!E9)/5 -> 0 | F9: =(FED!F10-FED!F9)/5 -> 0 | G9: =(FED!G10-FED!G9)/5 -> 0 | H9: =(FED!H10-FED!H9)/5 -> 0 | I9: =(FED!I10-FED!I9)/5 -> 0 | ... BG9: =(FED!BG10-FED!BG9)/5 -> 0
A10: 45 | B10: =(FED!B11-FED!B10)/5 -> 0 | C10: =(FED!C11-FED!C10)/5 -> 0 | D10: =(FED!D11-FED!D10)/5 -> 0 | E10: =(FED!E11-FED!E10)/5 -> 0 | F10: =(FED!F11-FED!F10)/5 -> 0 | G10: =(FED!G11-FED!G10)/5 -> 0 | H10: =(FED!H11-FED!H10)/5 -> 0 | I10: =(FED!I11-FED!I10)/5 -> 0 | ... BG10: =(FED!BG11-FED!BG10)/5 -> 0
A11: 50 | B11: =(FED!B12-FED!B11)/5 -> 0 | C11: =(FED!C12-FED!C11)/5 -> 0 | D11: =(FED!D12-FED!D11)/5 -> 0 | E11: =(FED!E12-FED!E11)/5 -> 0 | F11: =(FED!F12-FED!F11)/5 -> 0 | G11: =(FED!G12-FED!G11)/5 -> 0 | H11: =(FED!H12-FED!H11)/5 -> 0 | I11: =(FED!I12-FED!I11)/5 -> 0 | ... BG11: =(FED!BG12-FED!BG11)/5 -> 0
A12: 55 | B12: =(FED!B13-FED!B12)/5 -> 0 | C12: =(FED!C13-FED!C12)/5 -> 0 | D12: =(FED!D13-FED!D12)/5 -> 0 | E12: =(FED!E13-FED!E12)/5 -> 0 | F12: =(FED!F13-FED!F12)/5 -> 0 | G12: =(FED!G13-FED!G12)/5 -> 0 | H12: =(FED!H13-FED!H12)/5 -> 0 | I12: =(FED!I13-FED!I12)/5 -> 0 | ... BG12: =(FED!BG13-FED!BG12)/5 -> 0
A13: 60 | B13: =(FED!B14-FED!B13)/5 -> 0 | C13: =(FED!C14-FED!C13)/5 -> 0 | D13: =(FED!D14-FED!D13)/5 -> 0 | E13: =(FED!E14-FED!E13)/5 -> 0 | F13: =(FED!F14-FED!F13)/5 -> 0 | G13: =(FED!G14-FED!G13)/5 -> 0 | H13: =(FED!H14-FED!H13)/5 -> 0 | I13: =(FED!I14-FED!I13)/5 -> 0 | ... BG13: =(FED!BG14-FED!BG13)/5 -> 0
... A181: 900 | B181: =(FED!B182-FED!B181)/5 -> 0.0332074 | C181: =(FED!C182-FED!C181)/5 -> 0.0328314 | D181: =(FED!D182-FED!D181)/5 -> 0.0328782 | E181: =(FED!E182-FED!E181)/5 -> 0.0326062 | F181: =(FED!F182-FED!F181)/5 -> 0.0306926 | G181: =(FED!G182-FED!G181)/5 -> 0.0289506 | H181: =(FED!H182-FED!H181)/5 -> 0.028663 | I181: =(FED!I182-FED!I181)/5 -> 0.0285648 | ... BG181: =(FED!BG182-FED!BG181)/5 -> 0.02734208
